"F_126","F_127N","F_127C","F_128C","F_129N","F_129C","ID","Acc"
5204.9107669,11188.21704,10962.509278,27679.622071,21637.654298,19417.996583,"O00231","O00231"
3203.3549806,6119.262816,5247.67749,14398.911132,13644.192871,10598.473633,"O00232","O00232"
20116.1529414,29478.679609912,29865.613824694,70718.0336306,62654.194418544,51015.890957192,"O00299","O00299"
4955.260917316,10431.113680302,8552.109689828,21474.842348,16485.85844737,19269.600475694,"O00410","O00410"
18516.235545599,21302.4153778,25957.004930248,53714.8648678,51240.009515664,43888.202248608,"O00567","O00567"
3607.2533854,2330.5772092,5107.928589,4838.991089,4497.414917,5402.622437,"O00571","O00571"
1032.204589884,1578.964332254,1102.223877,1560.659438442,1383.604248,1388.9345704,"O00764","O00764"
28207.926320952,47016.989514093,41039.98828806,89393.543686673,85051.3393028,71948.28324902,"O14745","O14745"
1788.9592286,2300.505372,2447.365722,9254.362304,6284.694824,4384.588868,"O14818","O14818"
3342.712647,3934.673095,3006.616943,9084.000244,6753.508545,5494.202637,"O15027","O15027"
1988.684886235,2464.737854,4179.7556148,7219.5606699,6353.416139,6636.761352,"O15355","O15355"
5094.955466316,7793.973839838,10150.120457697,22367.859313,39935.3182412,32253.5672044,"O15372","O15372"
1802.630557918,2449.98419677,1806.418243422,2971.4399412,3426.244731174,2448.456856498,"O15400","O15400"
10013.976231411,15857.202265196,18015.2417613,39652.482177,33355.545776,31259.565796,"O43175","O43175"
9147.657228,13105.486084,10637.250488,25387.65918,23981.109864,18854.03125,"O43242","O43242"
29710.687615528,33087.627948432,46726.787816612,117166.717241306,97540.2512138,75435.118880288,"O43390","O43390"
6021.691153908,7479.923194264,10737.02927172,19502.843994,19203.320068,14249.113524,"O43396","O43396"
22488.532341149,33773.91607739,39214.0375364,96088.821773,100960.667614,78290.595581,"O43615","O43615"
67759.002711348,104962.403536206,105705.481685738,223517.2562946,213981.115058604,205531.491744556,"O43707","O43707"
5396.734618,8438.306886,9887.859864,15699.093262,18468.408204,10978.49756,"O43719","O43719"
6897.28833,9700.930908,8817.090088,16723.203124,14982.644531,12601.668946,"O43747","O43747"
12928.786765963,21745.809251598,22154.081469812,76946.6618038,83011.9584926,60962.7965094,"O43772","O43772"
14388.379202076,22338.5144991,22161.782482434,51560.345937,43263.207716792,33099.77088,"O43776","O43776"
21681.6746205,24528.5952159,25677.909367352,80617.292373,68640.272955,45404.3171422,"O43852","O43852"
16167.877887048,19259.5206312,18185.617863984,54350.405516,47456.58862,35226.6980044,"O60313","O60313"
9300.159132388,15306.616060478,21205.965801616,41964.4068031,40780.1312306,29094.338800618,"O60506","O60506"
14502.58023477,22529.0273438,21316.8218394,48330.702515,36552.026123,37246.856694,"O60711","O60711"
7572.361035545,9092.1375116,9884.263184,17514.353515,12633.479981,13629.34082,"O60763","O60763"
21660.401191423,26582.897162328,27130.406802547,65519.399991318,57953.691290984,50035.189095717,"O75083","O75083"
3688.1496583,5552.2685547,5153.792896354,9583.354614,10861.659791,8906.308961,"O75152","O75152"
4862.1316523,7011.50469237,5944.062231049,17405.5648181,18328.313233,29619.279291,"O75153","O75153"
20728.838990175,18971.576059435,27245.875493543,60188.8280056,54339.537955016,40217.195065,"O75390","O75390"
5657.649415,6620.136963,5061.358887,14451.08545,15003.648438,8506.901612,"O75475","O75475"
22241.627933808,29959.087511512,31343.150128908,63401.174670786,54218.087894814,49352.67784265,"O75533","O75533"
7264.635967919,7881.556569174,9824.002697147,17175.575317,17931.633911,13729.1898797,"O75643","O75643"
8387.231934,12930.084228,9024.086914,22268.88086,24353.804198,21953.855958,"O76024","O76024"
8487.127388328,15016.3939212,14967.13018717,36089.2229,32667.248778,35821.802002,"O94776","O94776"
10035.01511637,11654.453037848,18175.889362638,30877.880492,25287.4071049,18823.3802477,"O94925","O94925"
7565.907142739,8945.9728391,10045.202014201,24890.216552,21321.94751,15935.141481,"O95202","O95202"
953.151028738999,1154.653442,1159.456801184,2669.388672,2507.95459,1832.644775,"O95319","O95319"
7767.982857909,11439.2797853,10918.815185,25262.408205,20255.019288,18403.561035,"O95757","O95757"
27682.835695,36350.510011,39946.274414,104169.551258,102353.694346,71264.538577,"O95831","O95831"
9456.7294925,10552.8234253,12392.721862,41515.084108,35362.163093,24292.235479,"O96000","O96000"
44729.320389413,71889.16539695,83858.013874528,212980.1189054,175812.634897772,143536.14343563,"P00338","P00338"
20254.950426604,32777.2628176,36649.980125332,112867.409654,100000.681404,73541.804942,"P00367","P00367"
4546.982788,5555.301269,7105.214843,22494.629882,19278.115723,19991.562012,"P00441","P00441"
23639.177396842,38327.72656276,40147.026492,82976.393304,76627.197996,54444.9731402,"P00505","P00505"
107528.493557306,210492.171510455,219686.607731945,562531.6897892,478714.4853907,393974.5981421,"P00558","P00558"
41049.590968621,53671.901124,60972.787903716,132470.992661,119551.825803,87782.9972,"P02545","P02545"
4707.814522453,8135.952826756,7109.872327478,20848.2140495,18979.9074702,11233.5795894,"P02786","P02786"
544518.720677949,1040702.82197559,1084554.12784649,2405166.1337296,2010405.97254044,1780799.55493431,"P04075","P04075"
10846.426621527,13174.1825564,12506.708412405,28186.1767532,30579.9678965,22735.111573,"P04080","P04080"
415453.579680322,586806.477091605,608127.582130366,1407776.51911507,1173411.1845688,1050186.76943365,"P04406","P04406"
160796.054203619,230009.998801047,241874.815173659,623738.8160892,577122.3274038,416367.3302674,"P04843","P04843"
6247.826749503,7488.82559674,6439.03762399,14744.7167353,13669.136022488,7089.7232671,"P04844","P04844"
2172.125178835,2526.3470458,2559.2352896,6837.369629,6488.797486,4882.0148931,"P04899","P04899"
13783.4739992,23312.026122,24494.9843752,55748.961424,58090.874998,44758.510742,"P05023","P05023"
1057.260376,1835.733166572,2012.659912,5455.365234,2410.132324,2582.588624,"P05141","P05141"
148017.731088758,187393.704709453,174464.451016335,242791.94396559,203894.769155511,238319.464980952,"P05165","P05165"
2066.1360169,5748.5939025,4689.674071,15113.418213,14860.501465,10952.706177,"P05198","P05198"
12456.122315,18524.494629,17963.254883,45296.14063,37176.042001,32928.985357,"P05455","P05455"
46856.579073606,61392.847130562,66613.01002388,189835.2585398,184380.110832,120387.948891772,"P06576","P06576"
202508.234922744,347360.008500406,359566.280612335,850682.0940955,731960.777340377,570137.354004939,"P06733","P06733"
44134.40406,65381.174323,82677.21973,176584.139157,155116.275394,137034.114264,"P06744","P06744"
170244.692034247,316155.692430923,322764.908926851,765605.121242573,656142.718091397,436754.223646564,"P06748","P06748"
17712.76172,23529.40918,31611.666992,59171.7832,66002.86914,55192.21874,"P06753","P06753"
4959.85498,9103.167968,11805.75293,41628.375,41315.16796,29847.18164,"P07099","P07099"
7946.65806335,9722.24663815,10441.505555,24392.5875246,24022.302161168,18452.260315685,"P07195","P07195"
188705.876447818,282809.703938318,300541.127987355,818750.095612434,769165.696186964,543339.563224256,"P07237","P07237"
3537.896056999,3633.216425386,5110.126371478,14791.078209623,15333.96297154,12704.5817863,"P07339","P07339"
11185.648863726,13757.354642532,13305.6500258,25760.4821766,26105.891359,24198.514594744,"P07355","P07355"
4823.811603472,8850.093666336,9412.6290274,19572.367676,17562.7362052,13883.1839602,"P07384","P07384"
1574.999058244,2579.963022174,2107.89797367,3656.632567354,4113.14365278,3049.1813968,"P07437","P07437"
13913.194032588,19650.26960871,19482.086424,50386.209972,42339.2193662,33837.615238,"P07686","P07686"
16617.5596236,19074.216196134,20111.123538596,48663.1759068,54845.3403972,42676.8026818,"P07737","P07737"
67068.140444383,113958.609844585,111861.110821004,252277.978883,219565.101065734,198447.9615626,"P07814","P07814"
30462.660825624,47896.335955615,57422.75593266,113936.143053527,112289.87048552,93845.2891311,"P07900","P07900"
13204.2965094,22662.9928558,25897.436962995,56927.45471,52353.814571,34242.289185,"P07910","P07910"
32725.663889701,50850.332299551,59340.606917556,123365.3796242,105043.7299642,73232.664112503,"P07954","P07954"
119820.11342857,180435.691343013,193520.808254003,479477.67832435,398088.143585212,354974.763610782,"P08133","P08133"
12541.148438,24090.19629,26926.129882,55970.08399,51856.80665,38784.38575,"P08236","P08236"
89626.075782103,129063.37817606,147081.540925499,324479.99229047,302292.771439018,275710.407638468,"P08238","P08238"
15942.891113,24312.622071,19338.579589,37522.83497,33679.707032,26313.045899,"P08621","P08621"
3966.57854524,4627.952238761,4054.823526929,5066.6143185,3848.442573864,5390.156370468,"P08708","P08708"
10084.327229661,14424.19570659,12225.753676384,25530.48112028,23117.4120478,20181.952727809,"P08758","P08758"
3459.299886197,4240.415357073,3734.789055789,6912.139912135,5112.378537478,4163.634996304,"P08865","P08865"
5692.182995367,7214.475670144,7927.434906622,11485.535155,12294.84512276,11755.5926534,"P09211","P09211"
125257.726714455,168907.32039488,180634.882298643,478752.1296796,439659.56026503,297601.4137009,"P09382","P09382"
41522.638311525,64331.085166514,63796.487395674,134201.941206442,120838.698117584,92040.333107564,"P09622","P09622"
23078.202261112,33898.529251723,34779.868132729,74228.327578114,69086.120282307,51725.787858764,"P09651","P09651"
93404.141897234,150007.157782189,164624.585629577,322965.705561,303143.8851652,245433.033571562,"P09874","P09874"
4299.293946,6592.223633,7628.489502,16495.085938,14523.129395,14644.705566,"P09936","P09936"
1710.172540926,2555.583585723,2653.001578142,3491.0713494,4147.858154,4928.362304,"P09972","P09972"
84383.010744,88364.651609,88825.722166,207037.07915,215304.133789,121295.070312,"P10412","P10412"
5108.422364,8283.850802234,8217.664308,18856.2417,14953.770508,16084.26758,"P10644","P10644"
161796.599348892,231750.18764058,246416.112389359,668078.832244922,611292.352880224,376404.124050302,"P10809","P10809"
167586.617883989,226975.369374673,270408.90678078,647828.6346086,604551.441072,422138.141626982,"P11021","P11021"
49633.92895397,81890.129060404,72611.546824344,197467.581856842,174512.63886231,155389.070022185,"P11142","P11142"
18390.94873,28423.60791,29776.756104,78727.613778,69430.830088,49462.753906,"P11177","P11177"
4733.921464876,9419.571330494,9938.926026,22433.006836,27494.17676,13876.13916,"P11279","P11279"
7111.867798,7983.691894,9371.356933,21254.856689,16699.315918,15814.645752,"P11387","P11387"
8998.75319519,11816.7561042,12507.317126614,30624.895463576,28034.277588,23724.3831788,"P11586","P11586"
18789.830735678,23877.935902709,25654.732044376,63963.1078508,53655.868894,51804.1019893,"P11717","P11717"
7655.95067901,11992.612388356,15764.16445671,30506.176099962,29789.7698988,23484.11523,"P12004","P12004"
6980.107036804,10684.844749816,9775.55334095,38529.664064,30384.832274,28910.440428,"P12081","P12081"
22987.545533,36347.29541,36601.740476,87071.258788,77794.557607,62209.194826,"P12270","P12270"
14018.396972,14109.991212,15600.813476,34470.526364,30491.024414,33222.416024,"P12955","P12955"
28866.872237377,37558.61923284,36425.99432626,99737.0267356,97599.8793992,75223.655897088,"P12956","P12956"
25025.617871719,37884.530405348,39323.458715578,78840.992224726,75408.749227444,67056.384029908,"P13010","P13010"
12273.360942617,14707.3621822,15640.5936578,42059.207039,39088.311768,33738.281131,"P13489","P13489"
148522.061962748,230335.785851758,233313.641733631,560103.515446619,459254.919210465,483143.464567752,"P13639","P13639"
232463.98510184,345024.071211077,341026.765082872,931497.368809413,856883.55509741,571731.510034925,"P13667","P13667"
3725.9420161,6035.655554447,6604.972046,12079.5594484,15248.79126,8873.125855,"P13674","P13674"
116105.855037374,182237.43321608,179253.415692208,439031.7753028,391395.080583474,328836.165626449,"P13796","P13796"
21987.518634154,32917.104951446,40664.335567334,71238.649172,67787.9254206,56827.701423,"P13798","P13798"
3792.35254066,5440.115245273,4196.7598263,17561.786621,11862.314453,12206.3154305,"P13987","P13987"
4080.074907124,4561.43038918,5740.979698856,12323.576393318,9457.802979,10410.7869864,"P13995","P13995"
68057.684402025,96326.791342158,105346.565303595,249975.3239174,238895.236327556,159637.078527332,"P14314","P14314"
77187.096373707,112888.195554363,112053.908410922,241521.602981924,203755.3604265,177489.351493118,"P14317","P14317"
4960.330322,10602.051269,8470.988282,20905.535156,20251.999024,17286.131835,"P14324","P14324"
60492.964577911,103662.392230531,97626.805167863,228495.22732756,200237.874749458,189079.373624838,"P14618","P14618"
238002.22523509,402419.12346608,438523.046866429,1132194.5639592,978828.114599094,731702.179713446,"P14625","P14625"
67066.189559032,91145.320023058,87927.883574629,193922.398466485,178341.6183464,154686.9582549,"P14866","P14866"
19547.077151,30812.575809,27174.1572853,62993.611816,60891.562256,56175.927978,"P14868","P14868"
15651.589831928,25590.815655628,25429.85689094,61607.297572147,44395.3937396,54236.159120006,"P15121","P15121"
2078.862483851,2327.5977783,2751.82300935,5506.576415,4611.314576,3244.494263,"P15153","P15153"
37125.923172672,59256.37309515,60696.014048985,148006.592629329,133622.855294307,99118.8772215,"P15311","P15311"
2453.076323615,4254.017367926,3822.558400061,7653.144532,6285.555542,5695.765415023,"P15880","P15880"
2578.971402299,3963.516667763,3082.302777597,5711.506835,3217.1844486,4639.030266954,"P15927","P15927"
13387.1241453,19375.7217401,18909.4996328,44574.11817,42326.706295,32135.846555,"P16070","P16070"
56772.43800157,47756.351586813,60706.267080586,101569.246718,137083.316542,98105.7967682,"P16401","P16401"
50574.767452,46873.1336648,62458.2315593,124343.131599,123405.014412,73405.935193,"P16402","P16402"
51152.422376838,48865.868546526,56717.189706,118873.547619,133356.975085,98291.762701,"P16403","P16403"
12308.7539062,16073.013183,19063.115967,53046.266119,42585.49219,36921.923823,"P16615","P16615"
8360.549829772,10540.445984596,10695.163001128,23952.057302508,19806.5986336,16726.1373296,"P17480","P17480"
9631.593262,13432.343262,14932.35376,29272.266612,31501.004892,28197.796872,"P17812","P17812"
16186.9405516,23624.1856662,22122.4678962,57128.60205,61781.470692,45655.84643,"P17844","P17844"
568.4237671,709.0244751,891.659595935,1277.17627,1824.464478,1514.313477,"P17858","P17858"
14801.785080798,27087.652073716,28645.3843361,63288.648078,66535.451286,47955.7603111,"P17987","P17987"
4624.249003926,9981.074462,10428.24121,18969.033692,17119.878418,14101.644774,"P18124","P18124"
36576.9520876,56242.916034,60814.343266,121156.881836,123989.096198,88452.065426,"P18621","P18621"
27287.8419186,45247.4011312,62542.1968924,80864.990956,84119.031748,65286.100846,"P18669","P18669"
11682.198243,13529.872071,18286.995117,34781.07911,36635.73633,28800.499024,"P18754","P18754"
5944.659196302,9059.766809451,11153.716265241,20661.993849568,16905.578253763,15850.837441424,"P18859","P18859"
97277.40535685,131302.983605677,132305.028622835,337668.4093697,301754.733409,220737.2773378,"P19338","P19338"
4630.27398698,4532.743502097,5026.039623492,8385.7623914,8004.7411498,7518.517227888,"P20042","P20042"
4975.648924286,7138.5928961,7922.198008234,16040.947388,14505.9285278,9933.6514282,"P20073","P20073"
7121.960510922,11026.026686974,9968.1433112,23288.992188,27544.5708,19772.713378,"P20645","P20645"
90301.220010615,127866.907103354,138537.919693673,302290.10920334,288130.9918148,224194.327298406,"P20700","P20700"
11251.382813,13722.647462,16991.589355,30806.879395,28280.791504,20428.815918,"P20810","P20810"
3654.02832,5033.95459,4357.487792,13883.010742,10738.393554,8584.481446,"P21281","P21281"
27936.005589856,35634.584309092,35501.996565637,82380.9699868,71576.2067911,68526.22884471,"P21333","P21333"
51048.154412833,75828.948385882,93802.359790996,272447.5917301,269472.974667186,167632.8836721,"P21796","P21796"
2891.709133541,2053.072734348,2103.453081022,2476.8023682,3814.9456788,3161.054687,"P22059","P22059"
6054.613282,11986.830078,13850.003906,26680.358402,27549.881838,22160.042968,"P22102","P22102"
52346.282627541,90461.398028004,87517.599107086,204782.2794108,188168.2958818,169097.389477746,"P22234","P22234"
40480.803319719,61443.678224647,63425.893098316,129182.192020271,114776.276675582,109642.185893764,"P22314","P22314"
95877.904604325,143490.539481407,148002.265390469,334384.8387913,314969.5817152,228318.542624602,"P22626","P22626"
25989.465279999,47587.5089702,50649.310942386,144158.021966,140961.563225,89716.728999,"P22695","P22695"
72573.670524024,100224.1876879,98353.7945574,271308.763797,243605.850117,252638.942991,"P23246","P23246"
5660.293382813,8514.246106539,6621.909179345,14702.990488711,13737.608270767,11981.981793657,"P23284","P23284"
4028.200120286,5701.3587641,6231.8023692,13434.102783,10089.718993,9434.431885,"P23368","P23368"
1807.7150879,3957.377584008,3804.2353518,7234.22046,5778.125977,5795.073731,"P23378","P23378"
14863.49551793,21067.297508099,25677.417170588,66124.7065378,57941.8986814,47728.296419589,"P23396","P23396"
40180.220911544,64293.081296,64758.740477,164414.62841,150048.715834,102834.527354,"P23528","P23528"
56126.618611185,80768.442801729,87502.455834115,192794.3514935,168889.9204133,117393.273852313,"P23588","P23588"
4060.908204,4463.503906,6670.745118,17359.039062,17453.601562,11736.341796,"P24534","P24534"
47494.423990652,83330.472158,76846.973385,204964.51807,176888.162618,124592.896234,"P24752","P24752"
12864.485971195,19495.126069902,21166.708198396,41391.3073111,40959.6425802,32033.047720703,"P25205","P25205"
132468.727211981,193219.636186078,205748.336841112,603994.12121799,564949.724749196,391347.402083735,"P25705","P25705"
14439.750197382,25049.787280779,20485.7529286,45399.868897,45392.152101,36341.587404,"P25786","P25786"
110268.336715534,175841.964456493,207198.22121426,480569.4220908,501469.621451344,392476.239108706,"P26010","P26010"
154773.157841839,233629.72903443,251478.418647282,523375.268865606,493903.985125745,400908.262066726,"P26038","P26038"
114551.6113318,115066.9435369,108997.2847282,193735.64345,198441.3249987,161754.608634212,"P26373","P26373"
11360.8668242,16481.760052403,15879.679512132,36885.836299,34051.136718,29193.5319829,"P26440","P26440"
2712.891968,2502.7265627,2913.5916135,5414.35498,6240.554077,4330.764648,"P26583","P26583"
17348.010276287,25023.0397314,23768.9642316,57885.860111,47292.487301,39982.8991744,"P26599","P26599"
12132.236327,21058.948731,24667.136231,48323.05176,44373.96582,37390.07422,"P26639","P26639"
57359.428782118,95523.637167952,98660.173046599,232165.7343848,189404.0527314,185642.2431046,"P26640","P26640"
73177.16107804,100432.768436456,103699.069719765,213293.479451846,196459.779994756,145677.214595564,"P26641","P26641"
3863.437495092,6417.698844848,5292.926341796,10407.355241156,9378.3044444,9799.184446502,"P27635","P27635"
9168.5814821,13364.57251,15423.4385379,31554.374269,26689.667481,19471.509644,"P27694","P27694"
8289.206359,13296.438446172,11828.1689452,30114.369144,28383.414382156,20990.5424804,"P27708","P27708"
197569.090785803,317032.365402413,312855.630234733,736274.152168382,651005.1289188,474374.71407851,"P27797","P27797"
36951.392820625,38994.6978689,38988.8980108,110572.685798,86778.377557,85219.514783,"P27816","P27816"
64993.967460494,124021.137036838,125532.680883811,308537.0943738,273010.2104406,203999.214169707,"P27824","P27824"
7995.552208464,10355.932330018,9258.594361,20889.212768,19335.556152,17930.994016,"P28066","P28066"
7753.31736512,8721.276322348,8949.9936518,21647.47961,16079.270142,15952.346557278,"P28838","P28838"
2108.354591094,2090.085528014,2128.698373416,5289.004639,3654.6147462,3715.682373,"P29144","P29144"
14863.326415,19748.13916,20982.073975,46479.725821,40094.591803,36606.19629,"P29350","P29350"
15798.760838924,20636.678934856,23175.978181922,47534.186525,38313.4303593,36255.078129384,"P29401","P29401"
5097.328140174,9376.78374302,9711.373778,20433.851074,15427.750488,14942.539552,"P29590","P29590"
49105.558327899,78714.8689472,69537.057915787,180362.0046394,167090.086413,124341.24689,"P29692","P29692"
16707.635830792,28533.102921702,25615.231033546,66395.7407212,61263.09095,45517.985954414,"P29966","P29966"
48335.411743779,100072.459305814,74501.060555496,221418.360050042,186691.1059492,105216.713615,"P30040","P30040"
50859.164952686,68307.070637146,80686.428502864,225084.449216,197023.709238,157801.527592,"P30042","P30042"
116496.439243184,173964.615099461,183567.337749623,465473.9587269,424278.331607,294210.856665168,"P30101","P30101"
4722.726584457,6622.838590767,7278.330979759,16762.524140601,17860.353383893,13648.304101075,"P30837","P30837"
21567.176582047,33092.609768729,28692.468232035,67397.4670404,69554.0678067,48166.1527718,"P31040","P31040"
54477.564359984,81384.141995338,103357.433508539,218807.3878157,179714.6377016,158565.143989796,"P31146","P31146"
3384.9693602,6967.852295,6680.944824,19909.972659,16806.795899,12622.859619,"P31153","P31153"
10698.20060013,27021.6522822,22982.65907692,67559.610077934,60497.2518358,37718.800746246,"P31930","P31930"
11048.948094071,20618.214003638,22076.001158029,42088.3093825,37504.2645864,37953.189368339,"P31939","P31939"
6167.322998,10585.401489,8021.687257,17638.446289,14921.524659,12346.313964,"P31942","P31942"
15092.735557754,21929.3941656,20597.330079,45756.8815888,46927.4692434,35674.14441,"P31943","P31943"
9724.587133998,17694.619629215,20315.21761148,38178.7572346,37915.901884789,32291.497334555,"P31946","P31946"
48691.2204009,71331.2079609,63189.865342,151172.264409,136155.506845,134168.914904,"P31948","P31948"
12963.044189,14335.493165,16590.334473,36717.264157,37911.31006,22776.182618,"P31949","P31949"
26523.067016789,43107.932771234,38638.446568948,134025.174908432,113243.73303,74504.443721326,"P32942","P32942"
14711.728907752,38027.0723952,21134.5973442,49065.984013,44643.695803,41394.817388,"P33176","P33176"
6709.032060458,10554.161661616,10888.998376993,22452.998166683,22694.2478036,17515.897665631,"P33241","P33241"
7858.154924123,10697.434586935,8638.208653809,21159.023273765,18375.427002,20723.875122,"P33992","P33992"
14580.057549631,20698.370506699,24772.160604038,52156.324462,53201.914821885,41975.307496,"P33993","P33993"
9177.746113769,13799.463790734,14305.665876446,30023.831092771,33899.385346347,25562.38703981,"P34897","P34897"
22312.443693969,34811.642009812,37134.4762584,74804.309205,71604.2127685,61105.437255,"P34932","P34932"
9440.875570375,13522.427262862,14897.442906991,30723.880006,29362.635959914,19847.253982057,"P35232","P35232"
4570.773852588,6509.515285858,6043.801744652,10979.260389912,13781.336059,11698.128664,"P35268","P35268"
479959.59667596,738573.298991026,747482.205888306,1728835.7196651,1530716.33878302,1667849.7399373,"P35579","P35579"
13573.740871808,13871.0037842,13933.946299528,32992.6242672,30934.176147,35124.7836924,"P35580","P35580"
18540.8916,28656.929443,35447.403808,62825.39552,56382.52638,53159.26367,"P35606","P35606"
13448.216492898,26713.205664292,23559.7491462,54478.461426,54327.344732,47027.760998,"P36578","P36578"
42022.59137499,60373.426562462,62830.885654782,156539.95699264,149239.4477488,112998.9162005,"P36776","P36776"
14913.364503,18037.318238,23322.816529,49303.127197,40899.834466,32907.720702,"P36871","P36871"
5439.140137,8837.722414,7258.735352,20804.607422,18238.72998,12491.205078,"P36957","P36957"
4891.2480476,5907.294376624,5707.189725756,15024.323242,16159.847656,10030.7086182,"P37108","P37108"
4645.453330959,6635.094478388,6201.9100958,11929.795043,11708.5837391,7636.072481565,"P37802","P37802"
50127.990747332,69497.616698417,66074.4226663,170758.7367548,138303.6726225,119805.1455714,"P37837","P37837"
42606.621093,53899.47998,58470.475345,135547.84374,124154.79883,94653.354983,"P38159","P38159"
169728.452193343,273396.223211723,265231.53318715,683882.47310011,585011.912166108,426799.572630891,"P38646","P38646"
14185.890503,16893.324951,15589.071777,37081.258543,30682.60352,23531.908932,"P39019","P39019"
99612.960846928,130479.586308163,126933.173374567,297486.056277,300790.1019894,235323.82127303,"P39023","P39023"
7241.788551005,6720.5397949,8187.928487216,14190.2475592,14821.5204484,12578.053165019,"P39656","P39656"
12967.5307008,17073.6428831,15707.4290173,36213.244515,32308.836188,25686.5958261,"P39748","P39748"
7832.639081474,13004.181767232,12649.448613978,32559.4863242,25629.901124,24549.8188468,"P40227","P40227"
14428.315863821,16993.7775278,21492.831083354,38488.4323104,36005.286498209,25571.702143564,"P40925","P40925"
26253.920492812,40524.937905126,38818.121461,92170.204832,100464.0506634,74462.71656373,"P40926","P40926"
44628.368987143,69476.426725733,69728.624364528,163064.916924632,158689.074369523,122858.999459528,"P40939","P40939"
22777.761607147,32464.5496859,39084.430113484,67560.0385149,72710.9970721,66706.400479948,"P41250","P41250"
5167.530977091,7505.546077323,7286.340646282,17756.6824343,14586.598023,13710.8283081,"P41252","P41252"
6901.898405273,10880.188477,13536.201171,26581.26172,23037.29834,20307.605956,"P42677","P42677"
53250.390465282,84346.821620938,76542.8606591,178266.0193982,174655.84223107,140876.990947422,"P42704","P42704"
10828.1934818,18996.369628,20400.328124,43584.027842,39589.468756,28665.800288,"P42765","P42765"
6055.98473562,10257.21580629,9179.952681492,18449.526244,16907.950318,16693.0155042,"P43007","P43007"
52888.53479,85898.456662,84996.360841,177725.544919,151803.850578,152612.939464,"P43243","P43243"
1748.752770717,2318.4848025,2526.808605988,6611.336304,4888.0242922,4232.5,"P43487","P43487"
21543.762845246,42494.461832144,47113.932204758,212724.126222,215228.067382,137259.468269,"P45880","P45880"
13471.533936,16246.756348,17614.75537,43159.56152,41557.997072,35281.656246,"P45974","P45974"
13564.839842,18814.18921,17639.907716,36224.360352,39878.024415,30775.509767,"P46013","P46013"
16107.728746204,25735.416209355,26890.5189835,57289.527585,53895.279188897,47495.278555,"P46063","P46063"
6308.619872,7547.296876,7639.479492,17877.854004,13685.532228,12456.510743,"P46087","P46087"
27193.442505,33245.91919,34137.838501,67740.874273,66990.312492,59453.488272,"P46779","P46779"
8563.363282,9477.628906,13847.607422,22146.14454,23940.82226,18655.939454,"P46781","P46781"
32420.197757,48457.425292,52803.036139,116892.8418,105689.87598,90622.7041,"P46782","P46782"
36470.370849,54866.692877,59358.447014,112165.619142,118321.578631,74292.499018,"P46783","P46783"
7055.596693879,7785.61119114,7816.866456817,16159.475894114,12031.428578545,14217.714580056,"P46940","P46940"
8533.134154,12286.583498,11200.328614,32881.154296,27652.87158,23428.805664,"P46977","P46977"
13688.2238764,21633.6862791,27012.601685,43103.242196,36694.439706,39403.121103,"P47756","P47756"
57823.683853382,58387.8962434,59662.028489044,95195.8487598,96741.1735869,92224.581848368,"P47914","P47914"
1317.761119378,1297.9490966,1345.432698978,2008.226196,1718.4432374,1965.092163,"P47985","P47985"
14829.5043936,31130.6886062,29206.14688537,80819.3947754,66934.600832,68404.092288,"P48444","P48444"
3258.256768708,7263.0546865,6473.7877804,18489.069336,16399.429931,14177.769043,"P48449","P48449"
52963.794246658,71563.817799257,95667.205975532,265510.800672,250807.942383,184901.1319505,"P48735","P48735"
20316.20374018,29080.992320316,26860.479180664,70211.947999,66486.3588804,52860.3439884,"P49189","P49189"
15751.464042511,16842.854836082,16123.2777084,30328.606933,27816.729492,26350.432739,"P49207","P49207"
93198.4126868,140729.615891108,143177.835210565,350503.3092531,330997.855210813,261838.794537021,"P49257","P49257"
10889.581373576,10058.6434935,17465.2565916,32305.383907,28100.910158,28419.2996235,"P49327","P49327"
59163.876217617,84491.904676666,111456.5108591,234209.456465098,214903.8191008,171082.5462402,"P49368","P49368"
44166.821021483,74881.367653184,72300.144987282,167027.7136837,150001.3908749,105585.551958194,"P49411","P49411"
2255.774414,3925.536133,3631.356934,8247.479492,6541.15918,7699.194824,"P49585","P49585"
30546.830686358,49020.167114,57376.00385661,122543.37038594,101927.960394696,95592.224665672,"P49588","P49588"
5508.2935798,7599.693848,8319.926514,15777.50586,14925.394043,16286.406249,"P49589","P49589"
4035.290699868,5292.2145384,5954.0374142,10919.036133,11250.569824,9792.03479,"P49591","P49591"
12406.530466536,15314.5034178,16277.511368418,37421.9841348,30119.36216056,24815.963388128,"P49736","P49736"
8065.86791663,11362.51670199,12499.2146,31699.22266,29820.033938,23755.274414,"P49748","P49748"
3132.890283516,5680.7769784,5966.235946197,6974.106735283,7026.3154304,6137.537781,"P49915","P49915"
7856.259887,17517.607666,12536.743408,38436.935548,35356.089844,25502.749998,"P50213","P50213"
11031.859173042,13438.1173698,15009.748902,37215.149658,38552.34498,27539.422844,"P50402","P50402"
8573.442872,19643.196776,19857.66211,48786.994144,44449.791018,35664.425292,"P50416","P50416"
7110.305868868,5899.5510258,7650.1507562,13991.384278,13840.33252,12292.4729,"P50570","P50570"
8599.450175789,13324.869434617,13468.594286772,25580.312376,23902.508911,24074.223633,"P50914","P50914"
23449.065403996,32972.0980844,38200.842247035,87566.712762,80601.222896,65488.1015621,"P50990","P50990"
13523.862567288,22875.419967101,19685.998168599,52720.404052,43096.732299,38680.8743898,"P50991","P50991"
5029.8235482,6230.8008425,10949.506103,20827.967285,19959.736694,9932.652222,"P51148","P51148"
43281.055729846,72370.44420521,66881.738522,209692.450669,210535.271477,136897.212643,"P51572","P51572"
9975.9440005,16545.2128906,15827.3551026,41292.134771,36710.727171,28874.125973,"P51858","P51858"
20552.677246,30789.143311,35562.043456,75270.333979,77383.432622,60886.400399,"P51991","P51991"
4690.2832036,11681.885744,12988.9104,24349.21289,16939.82959,18675.337402,"P52209","P52209"
92178.156090975,169181.485416458,147695.280359117,327138.4741007,305817.178977183,274586.1645853,"P52272","P52272"
18564.614610161,28723.794436549,30750.461198728,63219.6274407,53806.8568063,45539.820575559,"P52565","P52565"
31121.328378171,45429.3499789,52853.264420562,124832.1120619,122055.5389993,93328.6467935,"P52566","P52566"
19704.342003218,33085.5853266,33359.646368208,71985.9929268,72461.883313,71612.7836904,"P52597","P52597"
17550.346679,27934.2941882,29693.300784,63344.4082,57881.865722,47746.42529,"P52888","P52888"
6640.229248,7245.9002688,7467.625246,20703.705078,19353.436766,11265.169922,"P52907","P52907"
2323.094819924,2449.76226741,2528.37197869,4507.80802284,3727.5372318,3208.73698463,"P52948","P52948"
10886.07881307,13789.524114273,13885.297464119,36651.012686589,34324.905157,25119.5128802,"P53396","P53396"
6681.823721764,7592.3689574,9406.9102777,17728.7244874,18597.3571174,16466.4775396,"P53597","P53597"
17638.811331029,26745.2307738,26676.533850285,62306.4381144,54545.274414,47220.1524608,"P53621","P53621"
24125.368898,33865.330078,33760.922852,62188.099614,57446.667978,58680.499998,"P53992","P53992"
11346.98053,16796.038574,20503.586669,33890.257321,32040.03076,30539.443846,"P54136","P54136"
14475.102055226,22598.417876269,28000.615478,55582.80481,49687.329953,42869.13367,"P54577","P54577"
3581.3049316,6101.116454,5440.951416,14039.937988,13859.501466,9549.891846,"P54727","P54727"
90691.785067166,153108.305451626,158943.803376181,383676.011964687,358652.309033778,290991.697572282,"P55072","P55072"
14983.6371789,16915.5048823,22388.5902711,44460.167975,43037.86658,31085.128663,"P55084","P55084"
2083.0362548,5187.975098,4292.520996,6272.41748,6314.8667,5106.359374,"P55160","P55160"
5628.752301466,9400.389456016,12725.200632622,35193.794436,28050.307618,26524.213224558,"P55209","P55209"
12141.130128,23430.248047,22642.057618,40891.450675,36247.440427,42480.735837,"P55265","P55265"
18213.41899102,21376.775663529,21233.001089762,71936.2894225,69165.1431338,58849.557220123,"P55786","P55786"
6476.5645759,8653.9691171,8185.225158,18013.326904,18026.760254,13463.629394,"P55809","P55809"
1875.31559387,2372.422927598,2081.75183895,3525.2572018,3279.053889992,3435.031309742,"P55884","P55884"
5089.0438229,5712.527886218,6374.507180136,9751.6325683,10816.9264535,9062.833496,"P56182","P56182"
9251.2839346,19191.2106932,15358.834472,42226.088626,33471.154778,30154.52758,"P56192","P56192"
13205.659470439,22783.176192078,26137.075059895,45446.816483218,41766.539397354,41579.8446074,"P57737","P57737"
151732.935902042,209551.105472286,250567.05774896,570252.861932048,540304.863682419,472146.309793675,"P60174","P60174"
32753.881629254,51503.499928,57588.9152171,159661.456792,138843.4215726,94182.951309,"P60660","P60660"
14483.62329,19117.786138,20360.396485,56007.390626,45047.399418,37802.910644,"P60866","P60866"
7486.457525867,12599.313356189,16739.4726563,38306.58129,34493.710258199,26408.251040828,"P60900","P60900"
23470.019258,44251.030385,42224.236451,105890.111089,93615.388917,77111.280274,"P60953","P60953"
13784.582221704,19523.685541121,19105.0133072,64854.209963,59279.361086,65520.43921,"P61006","P61006"
16462.188295136,23652.3204356,26254.519382826,58140.6424458,54719.5478526,49734.5734854,"P61158","P61158"
40925.899084242,71670.8104861,70911.9619218,159039.0076228,136977.411447,112120.723018,"P61247","P61247"
1882.121374229,1749.946575394,2060.351389754,2860.5991822,2740.929790156,2120.3126221,"P61289","P61289"
16142.331876605,19437.495320755,18807.824771937,53325.048944,48939.333256,29610.467359363,"P61604","P61604"
109457.458027832,160029.950505168,164586.432744745,391037.916874847,398704.775376986,309268.190417278,"P61978","P61978"
48181.885629578,68261.3134208,73089.19240598,177855.9767026,160569.3350964,136980.0316162,"P61981","P61981"
7401.3665778,9255.380547126,8031.8539421,19076.576905,15660.150757,16001.776488,"P62081","P62081"
16532.956033848,18922.784567093,22112.8470453,41767.771246,37235.5119054215,36617.680903952,"P62241","P62241"
12329.894647581,16187.031189029,16879.011755334,36051.684987004,30966.937254,25535.0166647,"P62258","P62258"
25026.683969966,38480.7072123,36177.946046,97738.403565,94577.48279,57160.0141591,"P62263","P62263"
12314.547487426,18040.1048012,18572.504398,39019.217774,38504.671626,32058.255789942,"P62424","P62424"
570.4142456,1107.398315,1145.908936,1448.69458,1451.704102,1307.408081,"P62701","P62701"
44080.6204826,46840.9267884,54674.930840992,87013.183251458,87043.69897,67718.1532511,"P62753","P62753"
432321.006577811,506575.66129168,564143.053485229,1391599.06578602,1462899.3347162,789936.813771035,"P62805","P62805"
3560.529549478,3156.038646507,2997.008352285,5610.0256953,5150.532276287,4202.197695407,"P62851","P62851"
9448.996105064,11957.042699575,10870.2814932,30917.982431,31124.45361,15182.4166257,"P62857","P62857"
18684.605958,29610.552736,33684.33398,54184.50195,52435.89063,40038.44043,"P62899","P62899"
7905.691163,6618.616211,6768.67334,13915.258789,9518.678955,10068.736816,"P62910","P62910"
31945.793637,44487.7877172,43875.4899934,94578.437508,82490.095938,86148.392589,"P62917","P62917"
77423.754745054,110152.49573483,111292.651378176,231346.420355452,235438.140889,188341.026927554,"P62937","P62937"
7728.25,7887.141602,13433.856446,16776.279786,16956.423828,15165.836426,"P62979","P62979"
33419.911381,48808.849607,47340.142083,96059.722658,96553.920412,107746.16845,"P62995","P62995"
4763.5529778,8966.088134,9277.899048,16931.223145,15669.896728,15089.669678,"P63104","P63104"
22045.965821,26920.960449,31007.483886,66193.208,58928.97362,51220.496104,"P63220","P63220"
1510.104039336,1137.705885036,1265.090374128,1122.7200928,1068.4370118,1655.853654786,"P63241","P63241"
11834.010365278,14493.1803598,19636.6030272,34590.69165,30584.118654,30635.1767586,"P63244","P63244"
39163.5258208,40009.796606252,47184.0867934,69946.8297138,73410.187257,59620.918965648,"P67809","P67809"
50170.0954593,79260.474108,81541.9618467,202695.405774,184399.622073,175719.980464,"P67936","P67936"
4567.608507132,4282.12475699,5254.55186842,10289.729981,11334.981051176,8189.088893976,"P68366","P68366"
644.732998354,876.0322876,616.4221191,1742.940063,1970.27478,902.9928589,"P68371","P68371"
14745.43558702,16812.102784,23835.9785755,66870.78858,45068.174076,56664.427363,"P69905","P69905"
16693.783488913,27260.77609116,26139.488825504,61916.072842704,56846.904806494,47333.323014898,"P78371","P78371"
67777.11988124,76569.167289548,79095.831877231,150673.1956215,150342.592556009,136375.417355139,"P78527","P78527"
8335.5670785,11663.3845823,12467.88506768,30785.1524706,27044.402953,20700.043227067,"P80723","P80723"
18606.885131,24772.4023432,31082.703985,53610.073008,58452.30004,49614.568843,"P83731","P83731"
1389.975098,1666.072266,2603.505859,5486.289551,4910.55127,3340.758301,"P83881","P83881"
19758.773682,25141.924805,30260.208985,79731.83789,73694.48828,51995.544431,"Q00059","Q00059"
8867.674764195,19110.3794557,17475.865251194,58174.395029,59441.681521,37966.178586,"Q00325","Q00325"
21274.197897913,31527.321224147,26802.078880131,64368.090656026,56074.538349816,47990.241265173,"Q00610","Q00610"
64472.375236495,89076.34721465,84249.55884171,185264.8431442,166447.285854,149000.121281194,"Q00839","Q00839"
135676.504980561,187411.440766201,201426.162297068,407901.794037,369517.155486311,324198.942961097,"Q01082","Q01082"
1511.804626466,1219.502373682,1391.6740722,1607.72546446,1086.3259278,1842.216483306,"Q01105","Q01105"
7250.946976588,8197.955961944,8479.913794412,14878.830324,14770.096317418,12340.597958198,"Q01130","Q01130"
53307.286772274,82654.532851774,77626.61711693,167353.3209984,150366.220530062,121081.217079738,"Q01518","Q01518"
19040.098825868,24795.569052481,27985.6221319,58819.967345,44174.4672876,39942.807983,"Q01844","Q01844"
3591.631592,3048.364502,5617.967774,11875.114258,11410.90332,8153.205566,"Q02218","Q02218"
21762.402832,33949.506591,33783.915038,74502.527355,69559.276377,65804.296879,"Q02543","Q02543"
2805.367676,5805.651856,6186.839356,14242.996094,13659.175782,12656.216796,"Q02790","Q02790"
6685.69336,9260.219238,10134.132324,28572.498046,29326.182616,24244.145508,"Q02818","Q02818"
45560.957847159,66823.943499523,67591.441485403,125344.4622926,147288.447179551,108634.386027617,"Q02878","Q02878"
50742.4828497,80653.839966,86382.427978,204549.142828,196221.145526,144963.171627,"Q03252","Q03252"
28147.371266771,43520.197344105,40570.815174361,94031.235466,83017.30835,83468.7356644,"Q04637","Q04637"
7429.0238637,9552.8532117,11262.578003,26016.963378,22372.101808,21044.672848,"Q04917","Q04917"
4863.870713223,6624.323346552,6557.516310739,11453.535825254,8447.4553219,8590.795290949,"Q06210","Q06210"
21703.8509516,33995.246581,35028.029547,90093.60204,82673.664544,69576.315436,"Q06323","Q06323"
14361.249123979,19400.991959294,21583.959462374,49440.9041204,44125.4357964,31600.055892987,"Q06830","Q06830"
2301.950029896,2287.2080078,2154.8331298,6407.442871,6522.4427486,3938.393724649,"Q07020","Q07020"
5866.21939829,7111.480562736,6475.946246952,10282.9716806,9590.494431124,5904.629957316,"Q07021","Q07021"
72147.436950424,109278.478760085,114607.354038141,296441.4341495,273374.8224518,214351.468628857,"Q07065","Q07065"
4907.823751651,7192.857397975,5764.907546003,10079.127997762,9376.9814442,8307.104064,"Q07666","Q07666"
10460.9962765,17506.032227,12912.511474,33797.300658,30322.491456,26601.55957,"Q07955","Q07955"
1298.749165076,2281.320313,1759.319824,4988.171875,3601.668213,3919.741211,"Q08209","Q08209"
60876.544319324,78311.379214683,79427.744087325,158081.04362601,153086.439466964,137676.724590858,"Q08211","Q08211"
1175.974121,1526.5733642,1225.49234618,1263.3640136,1264.1793212,1863.664216316,"Q09028","Q09028"
34464.024414,34634.628907,36219.729003,96550.14064,77403.103528,56332.608885,"Q10471","Q10471"
1472.924882164,2187.823426,2364.711426,5619.761231,3613.510376,4031.864746,"Q10567","Q10567"
12752.314453,19473.022462,17839.180663,81507.1289,75344.07813,58462.47851,"Q10589","Q10589"
2941.265196644,3083.2138672,3047.5111084,4358.1511224,3910.805297,4359.088622,"Q12874","Q12874"
37279.690536287,48704.020697554,52206.967208288,91288.426878159,84161.2211885,87494.7799754,"Q12906","Q12906"
6247.677940404,9920.6372889,12378.812741082,24594.4116242,25849.2216784,15741.9197992,"Q12907","Q12907"
22266.084210192,22494.051781416,23446.23114013,43893.8659933655,39612.840856074,31383.824037326,"Q13011","Q13011"
10610.761964,16041.2115484,19362.711304,47503.543457,38873.676761,40822.863283,"Q13045","Q13045"
2566.678467,4629.583008,5195.51123,6450.989746,7571.84082,7653.816406,"Q13085","Q13085"
3941.653564,5168.126464,3704.314698,9674.140626,8395.268554,9363.076172,"Q13098","Q13098"
13457.9205322,25006.997656822,19288.9521493,47392.983279,45558.6634553,33377.218994,"Q13151","Q13151"
1927.10542268,2944.219625115,2095.062050203,5405.9785768,3353.3330078,2998.0698246,"Q13155","Q13155"
14615.414647853,16878.37805131,16851.297024766,36843.299804,32832.3874515,27725.622078366,"Q13162","Q13162"
6323.030457,8241.573497558,6862.9815679,14519.639649,15112.648071,11013.146973,"Q13185","Q13185"
11258.851564,17290.574218,21088.81543,50153.63868,39270.962894,34930.488282,"Q13200","Q13200"
4449.452432805,7733.716959488,9863.235618072,16406.4625855,20441.0968024,16012.361725462,"Q13217","Q13217"
18565.890626,21292.390626,26514.950692,61873.61133,58785.542964,53008.140636,"Q13247","Q13247"
10848.5836191,15219.084616801,15907.902825474,32260.838504,25811.4748524,22715.162933,"Q13263","Q13263"
5060.015137,6580.208008,6703.679688,15716.05273,11293.41895,10418.94922,"Q13310","Q13310"
8745.979728203,13556.586833517,12753.15847717,20769.9378043,23288.343742837,20056.447049767,"Q13409","Q13409"
55616.853981627,81887.625128523,84150.428828229,207876.1508711,199092.3597392,159792.4486183,"Q13423","Q13423"
22478.7680046,25740.701048,31602.1442262,65027.695555,52490.41151,46263.578124,"Q13435","Q13435"
3156.324945146,6193.056993538,5286.450609544,6701.260792424,8663.387353312,6463.40289536,"Q13586","Q13586"
7579.18335,11522.056153,9368.232177,21446.473632,18624.763184,15330.321289,"Q13724","Q13724"
114117.759313708,157546.058844084,166926.774624591,349869.384219202,320254.749297219,291545.393795608,"Q13813","Q13813"
11549.886344601,20138.228178973,21420.28056238,39927.6890785,35848.1828654,27050.112472141,"Q14103","Q14103"
17761.826476,39867.975829,37568.570802,160653.992668,144766.593752,91394.927244,"Q14108","Q14108"
59476.732546,80565.098273,78107.382941,180336.361572,158073.906981,136728.199457,"Q14152","Q14152"
12988.790362467,18207.012497764,20318.3326422,29834.419921,31470.049191,32880.240476,"Q14157","Q14157"
11308.005289864,14588.81963377,15054.6209721,31753.2125248,31383.2250365,26405.1954956,"Q14203","Q14203"
26021.249510256,47091.483268047,43765.178129487,89804.5955225,82972.054727013,82676.4312712,"Q14204","Q14204"
2750.046025378,2792.218651088,3023.497318096,5710.446491288,5218.8819578,4345.089787862,"Q14257","Q14257"
17697.172364,33916.98828,33936.55664,73977.41798,59820.8789,68099.355468,"Q14258","Q14258"
21045.408693892,32767.9873051,31649.2414551,74159.910283,61282.332637,67356.851943,"Q14289","Q14289"
30321.741089,44262.979492,44552.652343,106056.734366,103663.350601,93344.068352,"Q14566","Q14566"
1969.017186506,2066.38209473,2339.523685356,4370.8737176,2003.6707153,2216.5005493,"Q14573","Q14573"
140233.941921564,189780.072606068,199322.786528593,486881.499848582,451924.22595348,354969.509673193,"Q14697","Q14697"
28945.1940604,41312.7032389,36706.690798,89521.079108,82313.390372,63270.663201,"Q14739","Q14739"
11168.39321191,13127.097000986,13189.990868936,33344.731709832,24780.716213398,21601.103222006,"Q14764","Q14764"
6225.279786,8314.174072,9315.455322,21354.192382,16082.80957,17480.882813,"Q14789","Q14789"
11258.464990812,12700.2828368,15357.122344344,29389.317928974,29248.9468994,20999.680416106,"Q14847","Q14847"
21349.817072936,38754.18448082,37246.708837409,89326.7015997,83462.9578247,74857.053450077,"Q14974","Q14974"
9768.7145983,11325.8373423,9092.905130106,28688.88379,21167.1892088,23863.773865,"Q14978","Q14978"
33150.660719023,36191.319392139,47728.99648703,100424.249053927,90303.1149305,84458.354016657,"Q14980","Q14980"
14100.697007785,20315.708476942,21180.622539589,69712.316714435,53159.564575741,40480.143830115,"Q15005","Q15005"
8833.264038,13463.4894413,12726.0983272,36270.57252,31305.337517,25624.604127,"Q15020","Q15020"
9099.869031718,16392.313426512,14582.018434,27029.4658222,31802.2713618,17594.4145554,"Q15029","Q15029"
71298.27503578,90016.189289244,100437.780020454,300764.4977244,272989.4166863,177257.249806439,"Q15084","Q15084"
2673.648294104,2997.722885162,3190.475038576,4519.7192997,4535.038654233,4291.422321249,"Q15181","Q15181"
5254.755127,5528.15686,8482.872314,20393.046878,13519.335937,12129.72998,"Q15233","Q15233"
7876.372510481,15571.216127751,12465.9627697,34244.573364,29627.3267211,24708.5353999,"Q15293","Q15293"
10772.927489,18062.344725,16077.406984,36936.668456,34935.626954,35284.745117,"Q15306","Q15306"
9424.1935537,16348.910864496,15638.557017319,31974.1245212,28593.4396989,24483.912824201,"Q15363","Q15363"
48885.018844578,67697.393635737,87163.514654945,175593.8964192,170901.8687666,134425.180273806,"Q15365","Q15365"
23506.090096,36519.344232,38970.492674,70149.891602,67596.252936,60289.547856,"Q15366","Q15366"
17373.94814087,21191.571043,22568.498655,46551.308226,41751.944336,42214.642822,"Q15424","Q15424"
5091.418119344,6375.641601,5790.569336,13070.387452,12291.333984,9075.759155,"Q15428","Q15428"
8941.0766604,12281.67334,12758.147216,27676.099608,21161.447266,18321.96631,"Q15637","Q15637"
6256.520355564,10151.41333,12785.651856,23508.132812,22547.795898,17992.238038,"Q15758","Q15758"
3374.452148,4852.73584,6609.344238,10767.233398,8928.874024,9663.820312,"Q15843","Q15843"
9659.423095,13838.070802,16066.869385,39518.454103,41907.626954,31340.95605,"Q16134","Q16134"
19443.483177041,27326.918824,28796.8606568,62246.758304,59055.396973,45287.847539,"Q16181","Q16181"
10002.347985886,17589.373991122,18506.8057865,38892.494513,31913.276094466,33097.3638898,"Q16543","Q16543"
65169.0024083,90640.664257939,80223.764418268,209560.418529364,181255.2825236,143972.055165472,"Q16555","Q16555"
10192.218994,16432.111573,12477.133545,35105.92236,31816.383785,25500.999024,"Q16630","Q16630"
28157.8309939,41676.1142628,39914.4693037,100887.854495,87173.012578,71690.210942,"Q16666","Q16666"
10808.310179625,19533.679481479,20394.4335924,40575.047729,38267.6487428,32344.2501215,"Q16706","Q16706"
2076.019073482,2135.301401938,2224.035975967,2939.3272094,4975.443317803,4178.999334189,"Q16740","Q16740"
21249.065674,30220.6520952,32400.760009,78085.200198,76692.386474,47365.34472,"Q16836","Q16836"
96254.640023368,149285.307242149,146436.326729801,410081.0322455,393051.001836,318128.513367973,"Q16891","Q16891"
4948.08999685,5415.664053071,5882.549290594,9142.862059,10620.877256,10685.628625554,"Q1KMD3","Q1KMD3"
17991.9772951,29696.533935,31996.097289,78212.809079,64927.04663,62076.745125,"Q32MZ4","Q32MZ4"
7641.374023,10937.219482,12739.278809,23512.058594,23892.416015,23117.110352,"Q5JRX3","Q5JRX3"
4725.5802,7951.028321,6794.747069,16762.990722,13813.833985,16323.866211,"Q5JTZ9","Q5JTZ9"
31480.403045086,35884.192994,40278.671876,88475.849126,67020.468511,61163.438485,"Q5SSJ5","Q5SSJ5"
3792.482299,8427.247803,11496.036865,17072.390136,17048.141602,18298.700684,"Q68CZ2","Q68CZ2"
3913.871826,4282.90442,2506.8879392,8963.264892,6404.248658,6534.230468,"Q6NYC8","Q6NYC8"
36941.02417,44148.027955,41038.229737,83275.012215,78519.186765,65091.527831,"Q6P2Q9","Q6P2Q9"
61240.154949573,87244.194212914,97694.504101995,180141.8028494,188734.6656333,159637.522410056,"Q7KZF4","Q7KZF4"
3229.7999269,5364.902467,4077.25476,8239.059449,10001.525146,6626.710328,"Q7L0Y3","Q7L0Y3"
8260.653224838,9678.135312265,12432.330328927,23205.9493405,24634.629008844,23243.7186275,"Q7Z2W4","Q7Z2W4"
6221.554538775,6025.261090364,5928.596983033,11536.665949775,11760.3647466,8824.48443039,"Q7Z4W1","Q7Z4W1"
2040.209739029,2652.9323734,3143.20253968,6290.205323,6590.295776,5185.7061157,"Q7Z6Z7","Q7Z6Z7"
7402.328427898,10127.83998487,9225.715843846,15745.5556642,17486.8134774,15147.782206228,"Q86V81","Q86V81"
4417.958555923,8199.428575882,10097.629003032,23128.7835073,20228.13391021,19529.916744552,"Q86VP6","Q86VP6"
2161.982475566,2345.569241208,2335.774933624,5311.931396,4444.924683,3875.6307376,"Q86VR2","Q86VR2"
10178.20529552,12860.933912991,16833.884888,35714.035763,27323.3068923,23223.3295307,"Q8IXB1","Q8IXB1"
4082.79317505,4972.884807704,7009.4598394,9599.9365228,8992.329346,8993.920166,"Q8IY81","Q8IY81"
4748.061036134,7120.175124298,6862.493421268,15839.892334,10174.7583018,11239.4478758,"Q8N163","Q8N163"
7441.9832754,13702.463868,14911.78662,37280.936518,35734.06689,26754.186042,"Q8N1F7","Q8N1F7"
5680.055909,10623.222412,11716.560546,22812.447266,19312.358398,18729.304687,"Q8N1G4","Q8N1G4"
8032.273185705,11889.3613902,11832.9219958,22346.629517,23020.661744,22812.646607,"Q8N684","Q8N684"
383162.808187437,483217.216863571,515647.996403485,1535836.4256667,1329198.2255235,922379.441945733,"Q8NBS9","Q8NBS9"
28152.076906794,31863.251526771,37441.5762339,84231.5725714,83797.26263703,62335.993525164,"Q8NC51","Q8NC51"
14726.587328138,22154.472494509,18987.15925158,48200.9351172,41026.275515,42874.0469371,"Q8NE71","Q8NE71"
4879.057617,4879.496338,5631.4837648,11349.870118,13808.67334,10889.276124,"Q8NF37","Q8NF37"
5424.626854961,4293.39181566,5673.025220654,9865.2998039,7837.1086418,7997.5948484,"Q8TAQ2","Q8TAQ2"
8212.700928,12761.710938,12076.41504,42309.023444,37363.388672,22389.492188,"Q8TB61","Q8TB61"
14658.04541,17996.0167835,22615.5527344,59488.79174,50011.977052,44361.995614,"Q8TCJ2","Q8TCJ2"
28459.526611,39270.800048,44428.573242,124482.61327,112517.705088,104140.326174,"Q8TCT9","Q8TCT9"
9503.23812296,10983.050315394,11309.147593526,26333.7078838,24578.2351022,23596.779541,"Q8TEM1","Q8TEM1"
66592.758613832,99786.930934698,114294.208649598,310332.667963,292069.76037362,166978.729817138,"Q8WU39","Q8WU39"
2155.248257505,2306.085230732,1990.1526489,4839.568115,5980.843506,2869.597941056,"Q8WU90","Q8WU90"
14894.132049597,16975.86916505,20893.77155388,51411.1780356,43632.28431,39151.7924192,"Q8WUM4","Q8WUM4"
3400.0927115,3979.7861929,5630.164513224,10625.479004,10521.600342,6983.340943,"Q8WWM7","Q8WWM7"
5959.419312,7694.575806,10640.008179,19075.506348,19774.797364,14162.166993,"Q8WXF1","Q8WXF1"
19389.2218626,20531.199584,23335.7794197,47826.892222,47345.869148,38141.328856,"Q92522","Q92522"
18397.225586,21934.859618,23385.838868,56753.753904,52090.271476,51643.03613,"Q92556","Q92556"
4912.460942402,5306.3596042,5043.613220789,10930.9211437,10244.8085936,10412.6597286,"Q92614","Q92614"
3975.4858408,3995.964844,3707.232545,8038.258544,8519.566649,10026.560059,"Q92616","Q92616"
2354.66919,3903.288818,3567.438964,9426.526368,11712.933594,8600.723632,"Q92621","Q92621"
3206.86704634,4510.842435984,4433.988028844,7401.727295,8044.536621,5873.4120482,"Q92804","Q92804"
22433.34996411,28875.424667583,28890.806351875,66841.647829,64914.953597158,53408.7297198,"Q92841","Q92841"
3704.818116,5480.881348,5124.48291,11581.500976,10559.092774,9385.094726,"Q92878","Q92878"
6508.147216,10904.572266,8698.211427,19772.916504,16449.86328,16017.630858,"Q92900","Q92900"
106056.423310559,145381.698279296,146263.940385926,281177.089354,253717.8961194,244830.5103804,"Q92945","Q92945"
7777.469726,10687.773193,10751.849853,28577.015128,23260.982422,24039.221681,"Q92974","Q92974"
17259.736024,24441.590333,22202.96875,58076.283207,59379.467279,48843.023681,"Q93084","Q93084"
3881.4573362,5491.9171139,5368.810913,13268.792967,11943.034913,8974.293823,"Q969V3","Q969V3"
19632.797537035,24206.6585102,30706.160271,50381.859126,48112.242929,63796.090815,"Q969X5","Q969X5"
8498.697285657,10442.7525026,11720.662765576,25133.2536632,22892.466416474,17549.2259526,"Q96AE4","Q96AE4"
9477.3579094,13860.517334,13360.376466,35254.968752,28388.12012,24324.69043,"Q96AG4","Q96AG4"
30923.843738101,42615.411404342,52950.088142469,98565.290606028,91774.463080234,78271.126717478,"Q96AQ6","Q96AQ6"
2971.141675327,2246.7558904,2631.491821,6128.085083,5403.12793,5432.628296,"Q96CV9","Q96CV9"
3565.484565252,4038.1085208,3923.14624,7252.838624,9122.718751,6194.685791,"Q96ER9","Q96ER9"
4124.779191926,5743.263279764,7056.617546028,17739.661786768,15142.109862,11616.3968502,"Q96FW1","Q96FW1"
6322.633528541,11183.063181516,9848.712331156,19415.277037,19622.5606677,14067.658623603,"Q96HE7","Q96HE7"
8048.204589,14743.444702,14708.989991,41564.164073,38587.008554,23453.833496,"Q96I99","Q96I99"
11773.982666,22585.200196,24734.118164,52261.132812,40415.571288,41008.086914,"Q96JB5","Q96JB5"
16989.804633732,26063.473010721,26071.786912521,63954.9491544,71152.4218732,42117.6792577,"Q96KA5","Q96KA5"
9019.314909625,11461.8917838,12743.157354974,28042.377687,25015.595823,16840.78601,"Q96KP4","Q96KP4"
12750.555784126,17048.854125,15381.92798,29791.14135,33355.930415,31730.239136,"Q96PE3","Q96PE3"
2685.932800938,2888.54856386,3122.8344726,7144.791748,4709.1115718,4025.7520754,"Q96QK1","Q96QK1"
164093.756201621,175795.196733756,147028.039314525,184121.594055407,158247.735647288,250100.452276952,"Q96RQ3","Q96RQ3"
3263.682588504,4555.559205,7703.334331852,9008.624756,11313.211182,9163.809081,"Q96T51","Q96T51"
3602.56880403,3864.5557864,3897.698011528,8246.1068118,10447.376222,8709.56444564,"Q99439","Q99439"
2613.209008788,2680.304384114,2784.515067168,4489.3562006,3442.0565186,4905.6798096,"Q99460","Q99460"
37331.650440915,50508.0027469,61704.022411073,138053.204101,143126.8040863,87255.901493,"Q99623","Q99623"
22795.258010218,32746.647947,37959.100283114,86948.792238,79941.852057,59891.1969026,"Q99714","Q99714"
13079.933358406,13712.895043264,15894.338061336,53733.136722,59686.851816,43760.29761,"Q99733","Q99733"
40302.832970214,58789.11364291,62993.078315933,125656.055165,117955.168732095,89637.846453462,"Q99798","Q99798"
9709.7370596,12486.1820056,15948.029052,42447.705564,35185.65504,32308.816888,"Q99832","Q99832"
11233.9976802,21070.0583488,20155.255521122,41963.146486,39303.540772,31872.6938526,"Q9BQ52","Q9BQ52"
14909.310524466,17062.8233638,18685.8437512,60319.079104,58183.588378,43473.641848,"Q9BQE5","Q9BQE5"
4060.2811286,7194.223266,6146.767456,16089.565675,12401.52002,12220.84961,"Q9BQG0","Q9BQG0"
29622.859097061,52005.716925488,61033.100401361,122301.4273714,132686.580691924,95585.687881186,"Q9BS26","Q9BS26"
3881.936635727,6932.509278,5864.2269284,14445.685548,13248.780396,11508.416138,"Q9BT78","Q9BT78"
16158.195906344,19225.030121394,20103.0689698,52703.203122,43058.556033,36696.754266,"Q9BWS9","Q9BWS9"
1357.5874024,2414.987792,1295.4506836,4142.388184,3608.650634,4224.567872,"Q9BXJ9","Q9BXJ9"
11524.496882658,21543.5183102,21546.2673334,44943.811772,35887.564937,29787.7055762,"Q9BXP5","Q9BXP5"
3902.8415528,3590.906128,5757.783936,11371.096924,9222.125244,9205.940917,"Q9BZE4","Q9BZE4"
2666.02430724,4078.497235788,4858.497501668,6521.7740476,6749.010648712,5322.01682321,"Q9BZZ5","Q9BZZ5"
2845.941961076,2456.784121152,2652.434855278,4763.5895994,3556.534600774,3760.13869138,"Q9GZR7","Q9GZR7"
4229.6376956,4428.483399,5956.854492,9651.71167,9810.230347,8643.339843,"Q9H0D6","Q9H0D6"
14281.739464435,17497.454083729,21503.676406375,55671.8695633,49892.034744479,37093.209306638,"Q9H3S1","Q9H3S1"
15232.7280283,22507.0386358,25697.62085,52748.471686,53910.902833,35580.314944,"Q9H444","Q9H444"
4781.45227,8798.781251,11540.520385,23532.058102,19853.510986,23655.03003,"Q9H4A4","Q9H4A4"
6049.374070298,7914.721859182,7656.788619335,29437.945092322,29754.617437465,41725.5695254,"Q9H773","Q9H773"
4233.338367358,3839.3370362,4192.101473964,10409.911330032,5805.1667476,7183.28983539,"Q9H8H3","Q9H8H3"
16793.108886,26881.440918,30905.485842,89498.436528,76794.055668,52753.99218,"Q9H9B4","Q9H9B4"
12771.1607654,17870.389282,22063.55664,37928.545408,34809.648928,35545.351808,"Q9HC35","Q9HC35"
50187.914745497,60592.4606933,55276.670471818,90153.2254669,73656.818599,62639.9894315,"Q9HCC0","Q9HCC0"
20897.14378973,23248.03186,23511.943725,67677.197506,58075.112799,50519.82728,"Q9HD20","Q9HD20"
5918.323838669,7243.298769074,8314.949096426,17038.8154293,14223.343629,10736.912875072,"Q9HDC9","Q9HDC9"
15566.595706,27720.32715,26360.678224,57289.29492,54841.86914,40751.740234,"Q9NRX4","Q9NRX4"
36658.0585922,60125.195068,58534.033444,143408.562998,141241.716818,121903.12303,"Q9NSE4","Q9NSE4"
9552.869037231,16504.073476572,17786.121849143,36939.743036897,39320.062377,34715.5563973,"Q9NTJ5","Q9NTJ5"
14893.523359106,21485.462892,25036.788659324,55223.757076,51651.492424,46708.84229,"Q9NTK5","Q9NTK5"
13191.917091866,21798.400148,18469.849488,40507.898932,41114.100584,29527.846916,"Q9NUB1","Q9NUB1"
32034.7745683,32735.640876,29710.169931,90050.115477,85013.741455,66441.588512,"Q9NUQ9","Q9NUQ9"
935.2446289,973.230717477,985.9934692,2246.043701,1677.928955,1404.760132,"Q9NVI7","Q9NVI7"
2063.642937664,2402.334866389,2335.883916502,7801.581298,5250.696534,2269.7639158,"Q9NX14","Q9NX14"
47320.151368137,76261.0903921,80971.645008999,229866.555206,222139.331056,137217.9260925,"Q9NX63","Q9NX63"
8710.79126,8099.767091,8317.705566,18925.79419,13639.718505,14867.321778,"Q9NY33","Q9NY33"
10236.247315,14390.625982,12948.231446,24562.353512,25350.476562,19888.072754,"Q9NYF8","Q9NYF8"
26939.451799418,29411.502688086,33340.351273074,75610.733721264,75987.122883731,62989.910428746,"Q9NYU2","Q9NYU2"
3209.575385598,2837.6145016,4155.314331,10717.513671,9745.62378,8406.32373,"Q9NZ08","Q9NZ08"
7455.4591679,8208.050349439,12446.956558693,25912.6226807,17447.135133,22345.7718487,"Q9NZB2","Q9NZB2"
2724.919407611,2783.289185,1675.252854379,6426.084838,5427.775025,7250.860718,"Q9P035","Q9P035"
7456.8786622,11349.4217524,12024.5455942,28948.159903,26159.790046,19741.0668944,"Q9P0L0","Q9P0L0"
22737.902101,27338.940673,27951.288816,59721.492677,56685.755374,52329.640139,"Q9P258","Q9P258"
507687.247242181,760325.302399579,708625.723242027,1596621.04838719,1384675.82976564,1362324.30952185,"Q9P2E9","Q9P2E9"
6909.419597358,9288.6524658,9392.2756962,21506.7565882,18295.4017292,16733.8700006,"Q9P2J5","Q9P2J5"
2975.56958,6370.442872,6703.641114,14737.93457,15380.603516,9750.785156,"Q9UBS4","Q9UBS4"
43689.944336,70227.189942,74161.803712,158149.901384,144700.895504,124643.826654,"Q9UGI8","Q9UGI8"
4691.344476123,5884.279790413,6319.398060088,11225.5053099,9544.7259523,9261.620274927,"Q9UHB9","Q9UHB9"
9452.937378,10575.901611,14496.896484,26981.261714,29939.049313,22206.956055,"Q9UHD8","Q9UHD8"
2124.921818252,1836.887844834,2193.151180434,3067.1723634,2510.694824,2617.4396354,"Q9UHQ9","Q9UHQ9"
3305.707276,3785.970458,5439.407226,10308.039062,11471.251954,8546.50586,"Q9UI12","Q9UI12"
6133.7417,6308.592286,7413.05664,16287.641602,18545.660156,13395.382812,"Q9UJU6","Q9UJU6"
12997.88672,26100.306152,24435.472413,66799.45702,56939.374513,37080.156249,"Q9UJZ1","Q9UJZ1"
5811.7328482,5599.6606438,7394.457153,15320.869996,14945.016479,15548.580933,"Q9UKG1","Q9UKG1"
18066.454450134,16960.2142322,24323.812991,45818.281497,47583.232177,29628.038576,"Q9UKM9","Q9UKM9"
5996.864013,9233.095703,12203.148193,23240.32129,19046.743652,17466.064942,"Q9UKY7","Q9UKY7"
10760.679931,17583.414307,20541.929687,48178.949211,41392.782712,40718.081049,"Q9UL46","Q9UL46"
8550.61543305,11124.4152833,15835.6527092,27499.819581,18010.729247,21398.213746,"Q9ULV4","Q9ULV4"
15416.276658064,19615.512219471,18489.991310432,42578.084204838,35417.917594718,33833.7750866,"Q9UM54","Q9UM54"
23119.499512,42681.429686,49939.641606,119507.1504,102705.71093,96423.238282,"Q9UNM6","Q9UNM6"
9070.772119844,9968.715644312,7155.813788131,15183.1695558,12903.51036337,10565.882267628,"Q9UQ35","Q9UQ35"
23361.851933,32822.296628,36229.11743,83066.376468,83449.538576,68556.53906,"Q9UQ80","Q9UQ80"
27481.5366206,41411.3634039,41499.770174869,91987.889157,78857.6862088,67933.314646324,"Q9UQE7","Q9UQE7"
14264.256835,24085.280272,20667.076168,53191.083988,53706.576174,49791.606446,"Q9Y228","Q9Y228"
2428.79317318,3042.0499268,4234.066158214,4623.1781002,5667.660156,4748.438748142,"Q9Y230","Q9Y230"
2006.674679897,3886.178972093,3709.978853411,6319.3742367,6053.174891679,7502.414712502,"Q9Y262","Q9Y262"
7315.628662,9843.787598,9694.690428,27874.167968,23494.826172,20893.307618,"Q9Y285","Q9Y285"
5947.828858,8595.485352,8363.789062,27699.145508,20335.878906,14413.137694,"Q9Y2B0","Q9Y2B0"
15927.4395759,19781.394643618,15698.677447619,38359.9379245,35254.077819,37206.906005,"Q9Y2W1","Q9Y2W1"
17991.887198978,28499.576489063,29675.82502105,67321.323976,60578.199489674,51117.143778204,"Q9Y2X3","Q9Y2X3"
1504.18650029,1142.983429538,1259.173584,2542.022216,2188.660156,1832.9064942,"Q9Y383","Q9Y383"
4472.873718983,5658.8623957,5301.454448033,13351.1547247,11962.697998,9870.150733672,"Q9Y385","Q9Y385"
7130.8776854,5920.7457268,8451.4271248,11720.94055,15077.027587,10144.037231,"Q9Y3Y2","Q9Y3Y2"
9460.181886,16040.076051,19123.909913,41107.383794,37059.428717,36170.693352,"Q9Y3Z3","Q9Y3Z3"
5977.63252121,8944.2503359,10936.250987984,20523.7424288,22314.096683,16636.568722,"Q9Y490","Q9Y490"
42622.953139959,60500.752699154,64981.267105203,149822.189277,127527.408402375,105715.188934978,"Q9Y4L1","Q9Y4L1"
6799.0801383,10095.5836188,11635.281494,23669.620606,23893.364503,22339.474367,"Q9Y678","Q9Y678"
10511.169432682,14210.240151783,18429.7503656,39534.7292485,32074.003054,27843.712656406,"Q9Y6N5","Q9Y6N5"
